Candidate,Reporting Period,Report Type,Date Paid,Entity Name,First Name,Middle Initial,Last Name,Addr Line1,City,State,Zip,Zip4,Expenditure Type,Amount,Purpose,Election Type,Expenditure Platform,Expenditure Quantity,Expenditure Specific Services,Attachment,Expenditure Paid Communications Platform,Expenditure Paid Communications Quantity,Expenditure Paid Communications Subject Matter
"Alke, Ben",06/16/2024 to 08/15/2024,C5,07/05/2024,Google,,,,1600 Amphitheatre Pkwy,Mountain View,CA,94043.0,,2.0,28.0,Website and G-suite monthly hosting,GN,,,,N,,,
"Alke, Ben",06/16/2024 to 08/15/2024,C5,07/29/2024,Abbey Lee Cook & Associates,,,,Po Box 1101,Helena,MT,59624.0,,2.0,800.0,Monthly Retainer,GN,,,,N,,,
"Alke, Ben",06/16/2024 to 08/15/2024,C5,07/22/2024,,Amanda,,Holliday,536 Park Avenue,Whitefish,MT,59937.0,,2.0,750.0,monthly retainer for social media management and support,GN,,,,N,,,
"Alke, Ben",06/16/2024 to 08/15/2024,C5,06/22/2024,,Amanda,,Holliday,536 Park Avenue,Whitefish,MT,59937.0,,2.0,750.0,monthly retainer for social media management and support,GN,,,,N,,,
"Alke, Ben",06/16/2024 to 08/15/2024,C5,07/03/2024,Plazby LLC,,,,796 Stonegate Drive,Bozeman,MT,59715.0,,2.0,88000.0,TV advertisement reservations,GN,Cable TV,BUT - Butte-Bozeman (754) 377 spots,,,,,
"Alke, Ben",06/16/2024 to 08/15/2024,C5,GFL - Great Falls (755) 176 spots,,,,,,,,,,,,,,,,,,,,
"Alke, Ben",06/16/2024 to 08/15/2024,C5,HEL - Helena (766) 223 spots,,,,,,,,,,,,,,,,,,,,
"Alke, Ben",06/16/2024 to 08/15/2024,C5,MSL - Missoula (762) 490 spots,TV ads,N,,,,,,,,,,,,,,,,,,
"Alke, Ben",06/16/2024 to 08/15/2024,C5,06/28/2024,Abbey Lee Cook & Associates,,,,Po Box 1101,Helena,MT,59624.0,,2.0,850.0,Monthly Retainer,GN,,,,N,,,
"Alke, Ben",06/16/2024 to 08/15/2024,C5,07/03/2024,Valley Bank,,,Valley Bank,321 Fuller Ave,Helena,MT,59601.0,,2.0,20.0,Domestic Wire Transfer Fee,GN,,,,N,,,
"Alke, Ben",06/16/2024 to 08/15/2024,C5,08/14/2024,Valley Bank of Helena,,,Valley Bank of Helena,321 Fuller Aven,Helena,MT,59601.0,,2.0,93761.05,Transfer Primary Funds to General Funds,PM,,,,N,,,
"Alke, Ben",05/15/2024 to 06/15/2024,C5,06/13/2024,,Larry,A,Anderson,PO Box 2608,Great Falls,MT,59403.0,,2.0,200.0,Over the contribution limit refund,PM,,,,N,,,
"Alke, Ben",05/15/2024 to 06/15/2024,C5,06/12/2024,Valley Bank,,,Valley Bank,321 Fuller Ave,Helena,MT,59601.0,,2.0,20.0,Wire transfer fee,PM,,,,N,,,
"Alke, Ben",05/15/2024 to 06/15/2024,C5,06/14/2024,,Randy,J,Cox,118 Takima Dr,Missoula,MT,59803.0,,2.0,200.0,Over the limit refund,PM,,,,N,,,
"Alke, Ben",05/15/2024 to 06/15/2024,C5,06/05/2024,Google,,,,1600 Amphitheatre Pkwy,Mountain View,CA,94043.0,,2.0,28.8,WEB HOSTING,PM,,,,N,,,
"Alke, Ben",05/15/2024 to 06/15/2024,C5,06/03/2024,USPS,,,,2201 Baxter Ln,Bozeman,MT,59718.0,,2.0,9.85,Postage,PM,,,,N,,,
"Alke, Ben",05/15/2024 to 06/15/2024,C5,05/17/2024,Heritage Inn Great Falls,,,,1700 Fox Farm Rd,Great Falls,MT,59404.0,,2.0,162.92,candidate lodging for fundraising event,PM,,,,N,,,
"Alke, Ben",05/15/2024 to 06/15/2024,C5,05/31/2024,ActBlue,,,,366 Summer St,Somerville,MA,2144.0,,2.0,15.3,credit card fees and platform hosting for 28 contributions,PM,,,,N,,,
"Alke, Ben",05/15/2024 to 06/15/2024,C5,06/15/2024,ActBlue,,,,366 Summer St,Somerville,MA,2144.0,,2.0,23.99,credit card fees and platform hosting for 30 contributions ,PM,,,,N,,,
"Alke, Ben",05/15/2024 to 06/15/2024,C5,06/15/2024,Donor Box (Stripe),,,, 1520 Belle View Blvd #4106,Alexandria,VA,22307.0,,2.0,368.81,credit cards fees and platform hosting for 60 contributions,PM,,,,N,,,
"Alke, Ben",05/15/2024 to 06/15/2024,C5,06/12/2024,Plazby LLC,,,,796 Stonegate Drive,Bozeman,MT,59715.0,,2.0,8540.51,"Reimbursement for event expenses and monthly retainer, reimbursement for postcard invitations and postage",PM,,,,N,,,
"Alke, Ben",05/15/2024 to 06/15/2024,C5,06/07/2024,Abbey Lee Cook & Associates,,,,Po Box 1101,Helena,MT,59624.0,,2.0,800.0,may retainer,PM,,,,N,,,
"Alke, Ben",05/15/2024 to 06/15/2024,C5,05/16/2024,Google,,,,1600 Amphitheatre Pkwy,Mountain View,CA,94043.0,,2.0,28.08,Website hosting,PM,,,,N,,,
"Alke, Ben",05/15/2024 to 06/15/2024,C5,06/05/2024,Abbey Lee Cook & Associates,,,,Po Box 1101,Helena,MT,59624.0,,2.0,1600.0,filing fee and monthly retainer for compliance services,PM,,,,N,,,
"Alke, Ben",05/15/2024 to 06/15/2024,C5,05/24/2024,USPS,,,,2201 Baxter Ln,Bozeman,MT,59718.0,,2.0,9.85,Postage,PM,,,,N,,,
"Alke, Ben",04/16/2024 to 05/14/2024,C5,05/02/2024,Plazby LLC,,,,796 Stonegate Drive,Bozeman,MT,59715.0,,2.0,4991.42,monthy retainer plus reimbursement for event insurance and venue rental,PM,,,,N,,,
"Alke, Ben",04/16/2024 to 05/14/2024,C5,05/02/2024,NWF Strategies,,,,5255 Stevens Creek Blvd Suite 358,Santa Clara,CA,95051.0,,2.0,555.3,monthly cut and fee for online email fundraising,PM,,,,N,,,
"Alke, Ben",04/16/2024 to 05/14/2024,C5,04/30/2024,Donor Box (Stripe),,,, 1520 Belle View Blvd #4106,Alexandria,VA,22307.0,,2.0,317.66,credit card processing and platform fee for processing 31 contributions,PM,,,,N,,,
"Alke, Ben",04/16/2024 to 05/14/2024,C5,05/02/2024,Pit Printers,,,,425 E Front,Butte,MT,59701.0,,2.0,81.0,printing and shipping for 250 remit envelopes,PM,,,,N,,,
"Alke, Ben",04/16/2024 to 05/14/2024,C5,05/01/2024,,Bob,,Carlson,4180 Jamie Ann,Missoula,MT,59803.0,,2.0,250.0,Over the limit refund,PM,,,,N,,,
"Alke, Ben",04/16/2024 to 05/14/2024,C5,05/07/2024,,Lawrence,A,Anderson,PO Box 2608,Great Falls,MT,59403.0,,2.0,260.0,Over the limit refund,PM,,,,N,,,
"Alke, Ben",04/16/2024 to 05/14/2024,C5,04/19/2024,,Edward,I. ,Sondeno,1704 Kenyon Dr,Bozeman,MT,59715.0,,2.0,210.0,Over the limit refund,PM,,,,N,,,
"Alke, Ben",04/16/2024 to 05/14/2024,C5,04/30/2024,Pit Printers,,,,425 E Front,Butte,MT,59701.0,,2.0,81.0,250 remit envelopes printing and shipping,PM,,,,N,,,
"Alke, Ben",04/16/2024 to 05/14/2024,C5,05/14/2024,ActBlue,,,,366 Summer St,Somerville,MA,2144.0,,2.0,8.18,credit card processing and platform fee for 29 contributions,PM,,,,N,,,
"Alke, Ben",04/16/2024 to 05/14/2024,C5,04/30/2024,ActBlue,,,,366 Summer St,Somerville,MA,2144.0,,2.0,14.42,credit card and platform fees for 37 contributions,PM,,,,N,,,
"Alke, Ben",04/16/2024 to 05/14/2024,C5,05/14/2024,Donor Box (Stripe),,,, 1520 Belle View Blvd #4106,Alexandria,VA,22307.0,,2.0,373.1,credit card processing and platform fee for processing 45 contributions,PM,,,,N,,,
"Alke, Ben",04/16/2024 to 05/14/2024,C5,05/01/2024,Abbey Lee Cook & Associates,,,,Po Box 1101,Helena,MT,59624.0,,2.0,1600.0,filing fee and monthly retainer for compliance services,PM,,,,N,,,
"Alke, Ben",03/16/2024 to 04/15/2024,C5,04/14/2024,,Edward,I. ,Sondeno,1704 Kenyon Dr,Bozeman,MT,59715.0,,2.0,210.0,Over the limit contribution refund,PM,,,,N,,,
"Alke, Ben",03/16/2024 to 04/15/2024,C5,03/31/2024,Donor Box (Stripe),,,, 1520 Belle View Blvd #4106,Alexandria,VA,22307.0,,2.0,134.49,credit card processing fees and platform fee for 24 contributions ,PM,,,,N,,,
"Alke, Ben",03/16/2024 to 04/15/2024,C5,04/15/2024,Donor Box (Stripe),,,, 1520 Belle View Blvd #4106,Alexandria,VA,22307.0,,2.0,382.94,processing fee and platform fee for 78 contributions,PM,,,,N,,,
"Alke, Ben",03/16/2024 to 04/15/2024,C5,03/31/2024,ActBlue,,,,366 Summer St,Somerville,MA,2144.0,,2.0,24.83,platform and cc processing fee for 44 contributions,PM,,,,N,,,
"Alke, Ben",03/16/2024 to 04/15/2024,C5,04/01/2024,Plazby LLC,,,,796 Stonegate Drive,Bozeman,MT,59715.0,,2.0,5368.0,ngp reimbursement and retainer for fundraising and management services,PM,,,,N,,,
"Alke, Ben",03/16/2024 to 04/15/2024,C5,04/15/2024,ActBlue,,,,366 Summer St,Somerville,MA,2144.0,,2.0,9.99,platform and cc processing fees for 24 contributions,PM,,,,N,,,
"Alke, Ben",03/16/2024 to 04/15/2024,C5,03/31/2024,Abbey Lee Cook & Associates,,,,Po Box 1101,Helena,MT,59624.0,,2.0,1600.0,filing fee and monthly retainer for compliance services,PM,,,,N,,,
"Alke, Ben",03/16/2024 to 04/15/2024,C5,04/14/2024,,Lawrence,A,Anderson,PO Box 2608,Great Falls,MT,59403.0,,2.0,60.0,Over the limit contribution refund,PM,,,,N,,,
"Alke, Ben",03/16/2024 to 04/15/2024,C7E,03/31/24,Abbey Lee Cook & Associates,,,,Po Box 1101,Helena,MT,59624.0,,All Other Expenditures,1600.0,filing fee and monthly retainer for compliance services,Primary,,,,,,,
"Alke, Ben",03/16/2024 to 04/15/2024,C7E,03/31/24,ActBlue,,,,366 Summer St,Somerville,MA,2144.0,,All Other Expenditures,24.83,platform and cc processing fee for 44 contributions,Primary,,,,,,,
"Alke, Ben",03/16/2024 to 04/15/2024,C7E,04/15/24,ActBlue,,,,366 Summer St,Somerville,MA,2144.0,,All Other Expenditures,9.99,platform and cc processing fees for 24 contributions,Primary,,,,,,,
"Alke, Ben",03/16/2024 to 04/15/2024,C7E,03/31/24,Donor Box (Stripe),,,, 1520 Belle View Blvd #4106,Alexandria,VA,22307.0,,All Other Expenditures,134.49,credit card processing fees and platform fee for 24 contributions ,Primary,,,,,,,
"Alke, Ben",03/16/2024 to 04/15/2024,C7E,04/15/24,Donor Box (Stripe),,,, 1520 Belle View Blvd #4106,Alexandria,VA,22307.0,,All Other Expenditures,382.94,processing fee and platform fee for 78 contributions,Primary,,,,,,,
"Alke, Ben",03/16/2024 to 04/15/2024,C7E,04/01/24,Plazby LLC,,,,796 Stonegate Drive,Bozeman,MT,59715.0,,All Other Expenditures,5368.0,ngp reimbursement and retainer for fundraising and management services,Primary,,,,,,,
"Alke, Ben",01/01/2024 to 03/15/2024,C5,01/28/2024,Donor Box (Stripe),,,, 1520 Belle View Blvd #4106,Alexandria,VA,22307.0,,2,2.63,Credit card processing and platform fee for one contribution,PM,,,,N,,,
"Alke, Ben",01/01/2024 to 03/15/2024,C5,01/31/2024,Donor Box (Stripe),,,, 1520 Belle View Blvd #4106,Alexandria,VA,22307.0,,2,37.03,Credit card processing and platform fee for one contribution,PM,,,,N,,,
"Alke, Ben",01/01/2024 to 03/15/2024,C5,02/29/2024,ActBlue,,,,366 Summer St,Somerville,MA,2144.0,,2,10.72,credit card processing fee and platform fee for 32 transactions ,PM,,,,N,,,
"Alke, Ben",01/01/2024 to 03/15/2024,C5,01/31/2024,ActBlue,,,,366 Summer St,Somerville,MA,2144.0,,2,1.8900000000000001,credit card processing fee and platform fee for 6 transactions,PM,,,,N,,,
"Alke, Ben",01/01/2024 to 03/15/2024,C5,02/13/2024,Donor Box (Stripe),,,, 1520 Belle View Blvd #4106,Alexandria,VA,22307.0,,2,11.93,Credit card processing and platform fee for one contribution,PM,,,,N,,,
"Alke, Ben",01/01/2024 to 03/15/2024,C5,02/13/2024,Donor Box (Stripe),,,, 1520 Belle View Blvd #4106,Alexandria,VA,22307.0,,2,37.03,Credit card processing and platform fee for one contribution,PM,,,,N,,,
"Alke, Ben",01/01/2024 to 03/15/2024,C5,02/14/2024,Donor Box (Stripe),,,, 1520 Belle View Blvd #4106,Alexandria,VA,22307.0,,2,23.55,Credit card processing and platform fee for one contribution,PM,,,,N,,,
"Alke, Ben",01/01/2024 to 03/15/2024,C5,02/14/2024,Donor Box (Stripe),,,, 1520 Belle View Blvd #4106,Alexandria,VA,22307.0,,2,37.03,Credit card processing and platform fee for one contribution,PM,,,,N,,,
"Alke, Ben",01/01/2024 to 03/15/2024,C5,03/04/2024,Donor Box (Stripe),,,, 1520 Belle View Blvd #4106,Alexandria,VA,22307.0,,2,4.95,Credit card processing and platform fee for one contribution,PM,,,,N,,,
"Alke, Ben",01/01/2024 to 03/15/2024,C5,03/04/2024,Donor Box (Stripe),,,, 1520 Belle View Blvd #4106,Alexandria,VA,22307.0,,2,11.93,Credit card processing and platform fee for one contribution,PM,,,,N,,,
"Alke, Ben",01/01/2024 to 03/15/2024,C5,03/06/2024,Donor Box (Stripe),,,, 1520 Belle View Blvd #4106,Alexandria,VA,22307.0,,2,4.95,Credit card processing and platform fee for one contribution,PM,,,,N,,,
"Alke, Ben",01/01/2024 to 03/15/2024,C5,03/06/2024,Donor Box (Stripe),,,, 1520 Belle View Blvd #4106,Alexandria,VA,22307.0,,2,4.95,Credit card processing and platform fee for one contribution,PM,,,,N,,,
"Alke, Ben",01/01/2024 to 03/15/2024,C5,01/09/2024,Abbey Lee Cook & Associates,,,,Po Box 1101,Helena,MT,59624.0,,2,800.0,Monthly Retainer for Compliance Services,PM,,,,N,,,
"Alke, Ben",01/01/2024 to 03/15/2024,C5,01/12/2024,Plazby LLC,,,,796 Stonegate Drive,Bozeman,MT,59715.0,,2,41591.0,multiple poster reservations for the duration of the campaign through lamar,PM,,,,N,,,
"Alke, Ben",01/01/2024 to 03/15/2024,C5,01/02/2024,Donor Box (Stripe),,,, 1520 Belle View Blvd #4106,Alexandria,VA,22307.0,,2,4.49,Credit card processing and platform fee for one contribution,PM,,,,N,,,
"Alke, Ben",01/01/2024 to 03/15/2024,C5,01/02/2024,Donor Box (Stripe),,,, 1520 Belle View Blvd #4106,Alexandria,VA,22307.0,,2,4.49,Credit card processing and platform fee for one contribution,PM,,,,N,,,
"Alke, Ben",01/01/2024 to 03/15/2024,C5,01/02/2024,Donor Box (Stripe),,,, 1520 Belle View Blvd #4106,Alexandria,VA,22307.0,,2,4.49,Credit card processing and platform fee for one contribution,PM,,,,N,,,
"Alke, Ben",01/01/2024 to 03/15/2024,C5,01/10/2024,Donor Box (Stripe),,,, 1520 Belle View Blvd #4106,Alexandria,VA,22307.0,,2,1.47,Credit card processing and platform fee for one contribution,PM,,,,N,,,
"Alke, Ben",01/01/2024 to 03/15/2024,C5,01/15/2024,Donor Box (Stripe),,,, 1520 Belle View Blvd #4106,Alexandria,VA,22307.0,,2,11.93,Credit card processing and platform fee for one contribution,PM,,,,N,,,
"Alke, Ben",01/01/2024 to 03/15/2024,C5,01/24/2024,Donor Box (Stripe),,,, 1520 Belle View Blvd #4106,Alexandria,VA,22307.0,,2,37.03,Credit card processing and platform fee for one contribution,PM,,,,N,,,
"Alke, Ben",01/01/2024 to 03/15/2024,C5,01/27/2024,Donor Box (Stripe),,,, 1520 Belle View Blvd #4106,Alexandria,VA,22307.0,,2,2.63,Credit card processing and platform fee for one contribution,PM,,,,N,,,
"Alke, Ben",01/01/2024 to 03/15/2024,C5,01/01/2024,Donor Box (Stripe),,,, 1520 Belle View Blvd #4106,Alexandria,VA,22307.0,,2,11.93,Credit card processing and platform fee for one contribution,PM,,,,N,,,
"Alke, Ben",01/01/2024 to 03/15/2024,C5,02/01/2024,Donor Box (Stripe),,,, 1520 Belle View Blvd #4106,Alexandria,VA,22307.0,,2,4.95,Credit card processing and platform fee for one contribution,PM,,,,N,,,
"Alke, Ben",01/01/2024 to 03/15/2024,C5,01/12/2024,Secretary of State,,,,1301 E 6th Ave,Helena,MT,59601.0,,2,1508.76,Filing fee,PM,,,,N,,,
"Alke, Ben",01/01/2024 to 03/15/2024,C5,03/04/2024,Donor Box (Stripe),,,, 1520 Belle View Blvd #4106,Alexandria,VA,22307.0,,2,11.93,Credit card processing and platform fee for one contribution,PM,,,,N,,,
"Alke, Ben",01/01/2024 to 03/15/2024,C5,03/04/2024,Donor Box (Stripe),,,, 1520 Belle View Blvd #4106,Alexandria,VA,22307.0,,2,2.16,Credit card processing and platform fee for one contribution,PM,,,,N,,,
"Alke, Ben",01/01/2024 to 03/15/2024,C5,03/04/2024,Donor Box (Stripe),,,, 1520 Belle View Blvd #4106,Alexandria,VA,22307.0,,2,11.93,Credit card processing and platform fee for one contribution,PM,,,,N,,,
"Alke, Ben",01/01/2024 to 03/15/2024,C5,03/04/2024,Donor Box (Stripe),,,, 1520 Belle View Blvd #4106,Alexandria,VA,22307.0,,2,37.03,Credit card processing and platform fee for one contribution,PM,,,,N,,,
"Alke, Ben",01/01/2024 to 03/15/2024,C5,03/07/2024,Donor Box (Stripe),,,, 1520 Belle View Blvd #4106,Alexandria,VA,22307.0,,2,23.55,Credit card processing and platform fee for one contribution,PM,,,,N,,,
"Alke, Ben",01/01/2024 to 03/15/2024,C5,02/14/2024,Plazby LLC,,,,796 Stonegate Drive,Bozeman,MT,59715.0,,2,8801.93,"250 remit envelopes, event management and support, 890 peices fundraising direct mail, 75,000 impressions of digital ads, 1 month NGP subscription",PM,,,,N,,,
"Alke, Ben",01/01/2024 to 03/15/2024,C5,03/01/2024,Abbey Lee Cook & Associates,,,,Po Box 1101,Helena,MT,59624.0,,2,800.0,Monthly Retainer for Compliance Services,PM,,,,N,,,
"Alke, Ben",01/01/2024 to 03/15/2024,C5,02/06/2024,Donor Box (Stripe),,,, 1520 Belle View Blvd #4106,Alexandria,VA,22307.0,,2,11.93,Credit card processing and platform fee for one contribution,PM,,,,N,,,
"Alke, Ben",01/01/2024 to 03/15/2024,C5,02/06/2024,Donor Box (Stripe),,,, 1520 Belle View Blvd #4106,Alexandria,VA,22307.0,,2,2.63,Credit card processing and platform fee for one contribution,PM,,,,N,,,
"Alke, Ben",01/01/2024 to 03/15/2024,C5,02/13/2024,Donor Box (Stripe),,,, 1520 Belle View Blvd #4106,Alexandria,VA,22307.0,,2,4.95,Credit card processing and platform fee for one contribution,PM,,,,N,,,
"Alke, Ben",01/01/2024 to 03/15/2024,C5,02/20/2024,Grand Hyatt Seattle,,,,721 Pine St,Seattle,WA,98101.0,,2,488.52,Hotel stay for DGA conference ,PM,,,,N,,,
"Alke, Ben",01/01/2024 to 03/15/2024,C5,02/06/2024,Donor Box (Stripe),,,, 1520 Belle View Blvd #4106,Alexandria,VA,22307.0,,2,4.95,Credit card processing and platform fee for one contribution,PM,,,,N,,,
"Alke, Ben",01/01/2024 to 03/15/2024,C5,01/02/2024,Donor Box (Stripe),,,, 1520 Belle View Blvd #4106,Alexandria,VA,22307.0,,2,4.49,Credit card processing and platform fee for one contribution,PM,,,,N,,,
"Alke, Ben",01/01/2024 to 03/15/2024,C5,02/13/2024,Donor Box (Stripe),,,, 1520 Belle View Blvd #4106,Alexandria,VA,22307.0,,2,2.63,Credit card processing and platform fee for one contribution,PM,,,,N,,,
"Alke, Ben",01/01/2024 to 03/15/2024,C5,02/13/2024,Donor Box (Stripe),,,, 1520 Belle View Blvd #4106,Alexandria,VA,22307.0,,2,4.95,Credit card processing and platform fee for one contribution,PM,,,,N,,,
"Alke, Ben",01/01/2024 to 03/15/2024,C5,02/20/2024,Donor Box (Stripe),,,, 1520 Belle View Blvd #4106,Alexandria,VA,22307.0,,2,2.63,Credit card processing and platform fee for one contribution,PM,,,,N,,,
"Alke, Ben",01/01/2024 to 03/15/2024,C5,02/23/2024,Donor Box (Stripe),,,, 1520 Belle View Blvd #4106,Alexandria,VA,22307.0,,2,9.6,Credit card processing and platform fee for one contribution,PM,,,,N,,,
"Alke, Ben",01/01/2024 to 03/15/2024,C5,02/29/2024,Donor Box (Stripe),,,, 1520 Belle View Blvd #4106,Alexandria,VA,22307.0,,2,4.95,Credit card processing and platform fee for one contribution,PM,,,,N,,,
"Alke, Ben",01/01/2024 to 03/15/2024,C5,03/14/2024,Donor Box (Stripe),,,, 1520 Belle View Blvd #4106,Alexandria,VA,22307.0,,2,4.49,Credit card processing and platform fee for one contribution,PM,,,,N,,,
"Alke, Ben",01/01/2024 to 03/15/2024,C5,01/09/2024,Google,,,,1600 Amphitheatre Pkwy,Mountain View,CA,94043.0,,2,16.72,GSuite Subscription,PM,,,,N,,,
"Alke, Ben",01/01/2024 to 03/15/2024,C5,02/13/2024,Donor Box (Stripe),,,, 1520 Belle View Blvd #4106,Alexandria,VA,22307.0,,2,11.93,Credit card processing and platform fee for one contribution,PM,,,,N,,,
"Alke, Ben",01/01/2024 to 03/15/2024,C5,01/13/2024,Donor Box (Stripe),,,, 1520 Belle View Blvd #4106,Alexandria,VA,22307.0,,2,37.03,Credit card processing and platform fee for one contribution,PM,,,,N,,,
"Alke, Ben",01/01/2024 to 03/15/2024,C5,02/01/2024,Donor Box (Stripe),,,, 1520 Belle View Blvd #4106,Alexandria,VA,22307.0,,2,11.93,Credit card processing and platform fee for one contribution,PM,,,,N,,,
"Alke, Ben",01/01/2024 to 03/15/2024,C5,02/01/2024,Donor Box (Stripe),,,, 1520 Belle View Blvd #4106,Alexandria,VA,22307.0,,2,37.03,Credit card processing and platform fee for one contribution,PM,,,,N,,,
"Alke, Ben",01/01/2024 to 03/15/2024,C5,03/05/2024,Google,,,,1600 Amphitheatre Pkwy,Mountain View,CA,94043.0,,2,28.8,GSuite Subscription,PM,,,,N,,,
"Alke, Ben",01/01/2024 to 03/15/2024,C5,03/06/2024,Abbey Lee Cook & Associates,,,,Po Box 1101,Helena,MT,59624.0,,2,182.0,reimbursement for renewal of campaign post office box,PM,,,,N,,,
"Alke, Ben",01/01/2024 to 03/15/2024,C5,02/20/2024,Bozeman Yellowstone International Airport,,,,850 Gallatin Field Rd,Belgradde,MT,59714.0,,2,30.0,Airport Parking fee,PM,,,,N,,,
"Alke, Ben",01/01/2024 to 03/15/2024,C5,01/02/2024,Donor Box (Stripe),,,, 1520 Belle View Blvd #4106,Alexandria,VA,22307.0,,2,1.47,Credit card processing and platform fee for one contribution,PM,,,,N,,,
"Alke, Ben",01/01/2024 to 03/15/2024,C5,01/10/2024,Donor Box (Stripe),,,, 1520 Belle View Blvd #4106,Alexandria,VA,22307.0,,2,9.6,Credit card processing and platform fee for one contribution,PM,,,,N,,,
"Alke, Ben",01/01/2024 to 03/15/2024,C5,01/26/2024,Donor Box (Stripe),,,, 1520 Belle View Blvd #4106,Alexandria,VA,22307.0,,2,4.95,Credit card processing and platform fee for one contribution,PM,,,,N,,,
"Alke, Ben",01/01/2024 to 03/15/2024,C5,01/28/2024,Donor Box (Stripe),,,, 1520 Belle View Blvd #4106,Alexandria,VA,22307.0,,2,4.95,Credit card processing and platform fee for one contribution,PM,,,,N,,,
"Alke, Ben",01/01/2024 to 03/15/2024,C5,02/02/2024,Donor Box (Stripe),,,, 1520 Belle View Blvd #4106,Alexandria,VA,22307.0,,2,11.93,Credit card processing and platform fee for one contribution,PM,,,,N,,,
"Alke, Ben",01/01/2024 to 03/15/2024,C5,02/02/2024,Donor Box (Stripe),,,, 1520 Belle View Blvd #4106,Alexandria,VA,22307.0,,2,11.93,Credit card processing and platform fee for one contribution,PM,,,,N,,,
"Alke, Ben",01/01/2024 to 03/15/2024,C5,02/05/2024,Donor Box (Stripe),,,, 1520 Belle View Blvd #4106,Alexandria,VA,22307.0,,2,4.95,Credit card processing and platform fee for one contribution,PM,,,,N,,,
"Alke, Ben",01/01/2024 to 03/15/2024,C5,02/12/2024,Donor Box (Stripe),,,, 1520 Belle View Blvd #4106,Alexandria,VA,22307.0,,2,4.95,Credit card processing and platform fee for one contribution,PM,,,,N,,,
"Alke, Ben",01/01/2024 to 03/15/2024,C5,03/01/2024,Donor Box (Stripe),,,, 1520 Belle View Blvd #4106,Alexandria,VA,22307.0,,2,2.63,Credit card processing and platform fee for one contribution,PM,,,,N,,,
"Alke, Ben",01/01/2024 to 03/15/2024,C5,03/01/2024,Donor Box (Stripe),,,, 1520 Belle View Blvd #4106,Alexandria,VA,22307.0,,2,2.63,Credit card processing and platform fee for one contribution,PM,,,,N,,,
"Alke, Ben",01/01/2024 to 03/15/2024,C5,03/01/2024,Donor Box (Stripe),,,, 1520 Belle View Blvd #4106,Alexandria,VA,22307.0,,2,11.93,Credit card processing and platform fee for one contribution,PM,,,,N,,,
"Alke, Ben",01/01/2024 to 03/15/2024,C5,03/02/2024,Donor Box (Stripe),,,, 1520 Belle View Blvd #4106,Alexandria,VA,22307.0,,2,37.03,Credit card processing and platform fee for one contribution,PM,,,,N,,,
"Alke, Ben",01/01/2024 to 03/15/2024,C5,03/04/2024,Donor Box (Stripe),,,, 1520 Belle View Blvd #4106,Alexandria,VA,22307.0,,2,4.95,Credit card processing and platform fee for one contribution,PM,,,,N,,,
"Alke, Ben",01/01/2024 to 03/15/2024,C5,03/05/2024,Donor Box (Stripe),,,, 1520 Belle View Blvd #4106,Alexandria,VA,22307.0,,2,2.63,Credit card processing and platform fee for one contribution,PM,,,,N,,,
"Alke, Ben",01/01/2024 to 03/15/2024,C5,01/18/2024,TravelGo,,,,2201 C St NW,Washington,DC,20520.0,,2,332.64,One round trip flight to DGA conference ,PM,,,,N,,,
"Alke, Ben",01/01/2024 to 03/15/2024,C5,02/13/2024,Donor Box (Stripe),,,, 1520 Belle View Blvd #4106,Alexandria,VA,22307.0,,2,37.03,Credit card processing and platform fee for one contribution,PM,,,,N,,,
"Alke, Ben",01/01/2024 to 03/15/2024,C5,02/14/2024,Donor Box (Stripe),,,, 1520 Belle View Blvd #4106,Alexandria,VA,22307.0,,2,37.03,Credit card processing and platform fee for one contribution,PM,,,,N,,,
"Alke, Ben",01/01/2024 to 03/15/2024,C5,02/20/2024,Donor Box (Stripe),,,, 1520 Belle View Blvd #4106,Alexandria,VA,22307.0,,2,4.95,Credit card processing and platform fee for one contribution,PM,,,,N,,,
"Alke, Ben",01/01/2024 to 03/15/2024,C5,03/01/2024,Donor Box (Stripe),,,, 1520 Belle View Blvd #4106,Alexandria,VA,22307.0,,2,23.55,Credit card processing and platform fee for one contribution,PM,,,,N,,,
"Alke, Ben",01/01/2024 to 03/15/2024,C5,03/04/2024,Donor Box (Stripe),,,, 1520 Belle View Blvd #4106,Alexandria,VA,22307.0,,2,11.93,Credit card processing and platform fee for one contribution,PM,,,,N,,,
"Alke, Ben",01/01/2024 to 03/15/2024,C5,03/04/2024,Donor Box (Stripe),,,, 1520 Belle View Blvd #4106,Alexandria,VA,22307.0,,2,4.95,Credit card processing and platform fee for one contribution,PM,,,,N,,,
"Alke, Ben",01/01/2024 to 03/15/2024,C5,03/05/2024,Donor Box (Stripe),,,, 1520 Belle View Blvd #4106,Alexandria,VA,22307.0,,2,9.6,Credit card processing and platform fee for one contribution,PM,,,,N,,,
"Alke, Ben",01/01/2024 to 03/15/2024,C5,03/07/2024,Donor Box (Stripe),,,, 1520 Belle View Blvd #4106,Alexandria,VA,22307.0,,2,11.93,Credit card processing and platform fee for one contribution,PM,,,,N,,,
"Alke, Ben",01/01/2024 to 03/15/2024,C5,02/05/2024,Google,,,,1600 Amphitheatre Pkwy,Mountain View,CA,94043.0,,2,12.08,GSuite Subscription,PM,,,,N,,,
"Alke, Ben",01/01/2024 to 03/15/2024,C5,03/01/2024,Plazby LLC,,,,796 Stonegate Drive,Bozeman,MT,59715.0,,2,3965.0,Management fee and NGP subscription reimbursment,PM,,,,N,,,
"Alke, Ben",01/01/2024 to 03/15/2024,C5,03/05/2024,Plazby LLC,,,,796 Stonegate Drive,Bozeman,MT,59715.0,,2,2180.0,artwork production and two months of location reservation for lamar posters,PM,,,,N,,,
"Alke, Ben",01/01/2024 to 03/15/2024,C5,03/15/2024,ActBlue,,,,366 Summer St,Somerville,MA,2144.0,,2,19.59,credit card platform and processing fees for 30 transactions,PM,,,,N,,,
"Alke, Ben",01/01/2024 to 03/15/2024,C5,01/07/2024,Donor Box (Stripe),,,, 1520 Belle View Blvd #4106,Alexandria,VA,22307.0,,2,4.49,Credit card processing and platform fee for one contribution,PM,,,,N,,,
"Alke, Ben",01/01/2024 to 03/15/2024,C5,01/10/2024,Donor Box (Stripe),,,, 1520 Belle View Blvd #4106,Alexandria,VA,22307.0,,2,1.23,Credit card processing and platform fee for one contribution,PM,,,,N,,,
"Alke, Ben",01/01/2024 to 03/15/2024,C5,01/27/2024,Donor Box (Stripe),,,, 1520 Belle View Blvd #4106,Alexandria,VA,22307.0,,2,11.93,Credit card processing and platform fee for one contribution,PM,,,,N,,,
"Alke, Ben",01/01/2024 to 03/15/2024,C5,01/30/2024,Donor Box (Stripe),,,, 1520 Belle View Blvd #4106,Alexandria,VA,22307.0,,2,4.95,Credit card processing and platform fee for one contribution,PM,,,,N,,,
"Alke, Ben",01/01/2024 to 03/15/2024,C5,02/12/2024,Donor Box (Stripe),,,, 1520 Belle View Blvd #4106,Alexandria,VA,22307.0,,2,4.95,Credit card processing and platform fee for one contribution,PM,,,,N,,,
"Alke, Ben",01/01/2024 to 03/15/2024,C5,02/13/2024,Donor Box (Stripe),,,, 1520 Belle View Blvd #4106,Alexandria,VA,22307.0,,2,37.03,Credit card processing and platform fee for one contribution,PM,,,,N,,,
"Alke, Ben",01/01/2024 to 03/15/2024,C5,02/13/2024,Donor Box (Stripe),,,, 1520 Belle View Blvd #4106,Alexandria,VA,22307.0,,2,4.95,Credit card processing and platform fee for one contribution,PM,,,,N,,,
"Alke, Ben",01/01/2024 to 03/15/2024,C5,02/13/2024,Donor Box (Stripe),,,, 1520 Belle View Blvd #4106,Alexandria,VA,22307.0,,2,11.93,Credit card processing and platform fee for one contribution,PM,,,,N,,,
"Alke, Ben",01/01/2024 to 03/15/2024,C5,03/07/2024,Donor Box (Stripe),,,, 1520 Belle View Blvd #4106,Alexandria,VA,22307.0,,2,4.95,Credit card processing and platform fee for one contribution,PM,,,,N,,,
"Alke, Ben",01/01/2024 to 03/15/2024,C5,03/08/2024,Donor Box (Stripe),,,, 1520 Belle View Blvd #4106,Alexandria,VA,22307.0,,2,23.55,Credit card processing and platform fee for one contribution,PM,,,,N,,,
"Alke, Ben",01/01/2024 to 03/15/2024,C5,03/11/2024,Donor Box (Stripe),,,, 1520 Belle View Blvd #4106,Alexandria,VA,22307.0,,2,1.23,Credit card processing and platform fee for one contribution,PM,,,,N,,,
"Alke, Ben",01/01/2024 to 03/15/2024,C5,03/13/2024,Donor Box (Stripe),,,, 1520 Belle View Blvd #4106,Alexandria,VA,22307.0,,2,37.03,Credit card processing and platform fee for one contribution,PM,,,,N,,,
"Alke, Ben",01/01/2024 to 03/15/2024,C5,01/08/2024,Google,,,,1600 Amphitheatre Pkwy,Mountain View,CA,94043.0,,2,16.72,GSuite Subscription,PM,,,,N,,,
"Alke, Ben",01/01/2024 to 03/15/2024,C5,02/05/2024,Abbey Lee Cook & Associates,,,,Po Box 1101,Helena,MT,59624.0,,2,800.0,Monthly Retainer for Compliance Services,PM,,,,N,,,
"Alke, Ben",01/01/2024 to 03/15/2024,C5,01/17/2024,Plazby LLC,,,,796 Stonegate Drive,Bozeman,MT,59715.0,,2,3072.0,Monthly retainer and reimbursement for printing fees,PM,,,,N,,,
"Alke, Ben",01/01/2024 to 03/15/2024,C5,03/15/2024,Little Star Diner,,,,548 E Babcock,Bozeman,MT,59715.0,,2,1500.0,event space rental and food and beverages for fundraising event,PM,,,,N,,,
"Alke, Ben",10/01/2023 to 12/31/2023,C5,10/02/2023,Donor Box,,,,"601 King Street, Suite 200",Alexandria,VA,22314.0,,2,32.85,CC fees and platform hosting for one online donation,PM,,,,N,,,
"Alke, Ben",10/01/2023 to 12/31/2023,C5,10/03/2023,Donor Box,,,,"601 King Street, Suite 200",Alexandria,VA,22314.0,,2,2.63,CC fees and platform hosting for one online donation,PM,CC fees and platform hosting for one online donation,,,N,,,
"Alke, Ben",10/01/2023 to 12/31/2023,C5,10/03/2023,Donor Box,,,,"601 King Street, Suite 200",Alexandria,VA,22314.0,,2,9.6,CC fees and platform hosting for one online donation,PM,,,,N,,,
"Alke, Ben",10/01/2023 to 12/31/2023,C5,10/03/2023,Donor Box,,,,"601 King Street, Suite 200",Alexandria,VA,22314.0,,2,32.85,CC fees and platform hosting for one online donation,PM,,,,N,,,
"Alke, Ben",10/01/2023 to 12/31/2023,C5,10/03/2023,Donor Box,,,,"601 King Street, Suite 200",Alexandria,VA,22314.0,,2,23.55,CC fees and platform hosting for one online donation,PM,,,,N,,,
"Alke, Ben",10/01/2023 to 12/31/2023,C5,10/04/2023,Donor Box,,,,"601 King Street, Suite 200",Alexandria,VA,22314.0,,2,4.95,CC fees and platform hosting for one online donation,PM,,,,N,,,
"Alke, Ben",10/01/2023 to 12/31/2023,C5,10/05/2023,Donor Box,,,,"601 King Street, Suite 200",Alexandria,VA,22314.0,,2,16.57,CC fees and platform hosting for one online donation,PM,,,,N,,,
"Alke, Ben",10/01/2023 to 12/31/2023,C5,10/05/2023,Donor Box,,,,"601 King Street, Suite 200",Alexandria,VA,22314.0,,2,4.95,CC fees and platform hosting for one online donation,PM,,,,N,,,
"Alke, Ben",10/01/2023 to 12/31/2023,C5,10/07/2023,Donor Box,,,,"601 King Street, Suite 200",Alexandria,VA,22314.0,,2,4.95,CC fees and platform hosting for one online donation,PM,,,,N,,,
"Alke, Ben",10/01/2023 to 12/31/2023,C5,10/10/2023,Plazby LLC,,,,796 Stonegate Drive,Bozeman,MT,59715.0,,2,680.0,2 Pull up marketing panels with logo for events and tabling,PM,,,,N,,,
"Alke, Ben",10/01/2023 to 12/31/2023,C5,10/11/2023,Donor Box,,,,"601 King Street, Suite 200",Alexandria,VA,22314.0,,2,2.63,CC fees and platform hosting for one online donation,PM,,,,N,,,
"Alke, Ben",10/01/2023 to 12/31/2023,C5,10/17/2023,Donor Box,,,,"601 King Street, Suite 200",Alexandria,VA,22314.0,,2,23.55,CC fees and platform hosting for one online donation,PM,,,,N,,,
"Alke, Ben",10/01/2023 to 12/31/2023,C5,10/17/2023,Donor Box,,,,"601 King Street, Suite 200",Alexandria,VA,22314.0,,2,32.85,CC fees and platform hosting for one online donation,PM,,,,N,,,
"Alke, Ben",10/01/2023 to 12/31/2023,C5,10/17/2023,Donor Box,,,,"601 King Street, Suite 200",Alexandria,VA,22314.0,,2,4.95,CC fees and platform hosting for one online donation,PM,,,,N,,,
"Alke, Ben",10/01/2023 to 12/31/2023,C5,10/26/2023,Donor Box,,,,"601 King Street, Suite 200",Alexandria,VA,22314.0,,2,11.93,CC fees and platform hosting for one online donation,PM,,,,N,,,
"Alke, Ben",10/01/2023 to 12/31/2023,C5,10/31/2023,Donor Box,,,,"601 King Street, Suite 200",Alexandria,VA,22314.0,,2,2.63,CC fees and platform hosting for one online donation,PM,,,,N,,,
"Alke, Ben",10/01/2023 to 12/31/2023,C5,11/09/2023,,Ben,,Alke,1725 Midfield Street,Bozeman,MT,59715.0,,2,683.7,Reimbursement for bar tab at bozeman event for roughly 50 attendees,PM,,,,N,,,
"Alke, Ben",10/01/2023 to 12/31/2023,C5,11/08/2023,Donor Box,,,,"601 King Street, Suite 200",Alexandria,VA,22314.0,,2,11.93,CC fees and platform hosting for one online donation,PM,,,,N,,,
"Alke, Ben",10/01/2023 to 12/31/2023,C5,11/08/2023,Donor Box,,,,"601 King Street, Suite 200",Alexandria,VA,22314.0,,2,23.55,CC fees and platform hosting for one online donation,PM,,,,N,,,
"Alke, Ben",10/01/2023 to 12/31/2023,C5,11/07/2023,Donor Box,,,,"601 King Street, Suite 200",Alexandria,VA,22314.0,,2,11.93,CC fees and platform hosting for one online donation,PM,,,,N,,,
"Alke, Ben",10/01/2023 to 12/31/2023,C5,11/09/2023,Donor Box,,,,"601 King Street, Suite 200",Alexandria,VA,22314.0,,2,1.47,CC fees and platform hosting for one online donation,PM,,,,N,,,
"Alke, Ben",10/01/2023 to 12/31/2023,C5,11/09/2023,Donor Box,,,,"601 King Street, Suite 200",Alexandria,VA,22314.0,,2,32.85,CC fees and platform hosting for one online donation,PM,,,,N,,,
"Alke, Ben",10/01/2023 to 12/31/2023,C5,11/14/2023,Donor Box,,,,"601 King Street, Suite 200",Alexandria,VA,22314.0,,2,4.95,CC fees and platform hosting for one online donation,PM,,,,N,,,
"Alke, Ben",10/01/2023 to 12/31/2023,C5,11/15/2023,Donor Box,,,,"601 King Street, Suite 200",Alexandria,VA,22314.0,,2,11.93,CC fees and platform hosting for one online donation,PM,,,,N,,,
"Alke, Ben",10/01/2023 to 12/31/2023,C5,11/17/2023,Donor Box,,,,"601 King Street, Suite 200",Alexandria,VA,22314.0,,2,2.63,CC fees and platform hosting for one online donation,PM,,,,N,,,
"Alke, Ben",10/01/2023 to 12/31/2023,C5,11/17/2023,Donor Box,,,,"601 King Street, Suite 200",Alexandria,VA,22314.0,,2,11.93,CC fees and platform hosting for one online donation,PM,,,,N,,,
"Alke, Ben",10/01/2023 to 12/31/2023,C5,11/18/2023,Donor Box,,,,"601 King Street, Suite 200",Alexandria,VA,22314.0,,2,9.6,CC fees and platform hosting for one online donation,PM,,,,N,,,
"Alke, Ben",10/01/2023 to 12/31/2023,C5,12/04/2023,Donor Box,,,,"601 King Street, Suite 200",Alexandria,VA,22314.0,,2,11.93,CC fees and platform hosting for one online donation,PM,,,,N,,,
"Alke, Ben",10/01/2023 to 12/31/2023,C5,12/01/2023,Donor Box,,,,"601 King Street, Suite 200",Alexandria,VA,22314.0,,2,11.93,CC fees and platform hosting for one online donation,PM,,,,N,,,
"Alke, Ben",10/01/2023 to 12/31/2023,C5,12/01/2023,Donor Box,,,,"601 King Street, Suite 200",Alexandria,VA,22314.0,,2,9.6,CC fees and platform hosting for one online donation,PM,,,,N,,,
"Alke, Ben",10/01/2023 to 12/31/2023,C5,11/30/2023,ActBlue,,,,366 Summer St,Somerville,MA,2144.0,,2,7.96,CC fees and hosting for two online donations,PM,,,,N,,,
"Alke, Ben",10/01/2023 to 12/31/2023,C5,12/18/2023,Donor Box,,,,"601 King Street, Suite 200",Alexandria,VA,22314.0,,2,4.95,CC fees and platform hosting for one online donation,PM,,,,N,,,
"Alke, Ben",10/01/2023 to 12/31/2023,C5,12/20/2023,Donor Box,,,,"601 King Street, Suite 200",Alexandria,VA,22314.0,,2,11.93,CC fees and platform hosting for one online donation,PM,,,,N,,,
"Alke, Ben",10/01/2023 to 12/31/2023,C5,12/12/2023,Plazby LLC,,,,796 Stonegate Drive,Bozeman,MT,59715.0,,2,194.79,Printing of Thank You cards,PM,,,,N,,,
"Alke, Ben",10/01/2023 to 12/31/2023,C5,12/31/2023,Abbey Lee Cook & Associates,,,,Po Box 1101,Helena,MT,59624.0,,2,800.0,Monthly fee for compliance services,PM,,,,N,,,
"Alke, Ben",10/01/2023 to 12/31/2023,C5,12/01/2023,Abbey Lee Cook & Associates,,,,Po Box 1101,Helena,MT,59624.0,,2,800.0,Monthly Retainer for Compliance Services,PM,,,,N,,,
"Alke, Ben",10/01/2023 to 12/31/2023,C5,10/01/2023,Abbey Lee Cook & Associates,,,,Po Box 1101,Helena,MT,59624.0,,2,800.0,Monthly Retainer for Compliance Services,PM,,,,N,,,
"Alke, Ben",10/01/2023 to 12/31/2023,C5,12/28/2023,USPS,,,,2201 Baxter Ln,Bozeman,MT,59718.0,,2,330.0,5 stamp booklets,PM,,,,N,,,
"Alke, Ben",10/01/2023 to 12/31/2023,C5,11/01/2023,Abbey Lee Cook & Associates,,,,Po Box 1101,Helena,MT,59624.0,,2,800.0,Monthly Retainer for Compliance Services,PM,,,,N,,,
"Alke, Ben",10/01/2023 to 12/31/2023,C5,12/24/2023,Donor Box,,,,"601 King Street, Suite 200",Alexandria,VA,22314.0,,2,4.95,CC fees and platform hosting for one online donation,PM,,,,N,,,
"Alke, Ben",10/01/2023 to 12/31/2023,C5,12/31/2023,ActBlue,,,,366 Summer St,Somerville,MA,2144.0,,2,3.0,fees for platform and CC processing for two contributions,PM,,,,N,,,
"Alke, Ben",10/01/2023 to 12/31/2023,C5,10/02/2023,Donor Box,,,,"601 King Street, Suite 200",Alexandria,VA,22314.0,,2,32.85,CC fees and platform hosting for one online donation,PM,,,,N,,,
"Alke, Ben",10/01/2023 to 12/31/2023,C5,10/02/2023,Donor Box,,,,"601 King Street, Suite 200",Alexandria,VA,22314.0,,2,32.85,CC fees and platform hosting for one online donation,PM,,,,N,,,
"Alke, Ben",10/01/2023 to 12/31/2023,C5,10/02/2023,Donor Box,,,,"601 King Street, Suite 200",Alexandria,VA,22314.0,,2,2.63,CC fees and platform hosting for one online donation,PM,,,,N,,,
"Alke, Ben",10/01/2023 to 12/31/2023,C5,10/15/2023,,Bradley C.,,Stratton,915 S 3rd,Bozeman,MT,59715.0,,2,1000.0,Over the limit contribution refund,PM,,,,N,,,
"Alke, Ben",10/01/2023 to 12/31/2023,C5,10/10/2023,Valley Bank,,,Valley Bank,321 Fuller Ave,Helena,MT,59601.0,,2,20.0,Domestic Wire Transfer Fee,PM,,,,N,,,
"Alke, Ben",10/01/2023 to 12/31/2023,C5,10/17/2023,Valley Bank,,,Valley Bank,321 Fuller Ave,Helena,MT,59601.0,,2,20.0,Domestic Wire Transfer Fee,PM,,,,N,,,
"Alke, Ben",10/01/2023 to 12/31/2023,C5,10/17/2023,Plazby LLC,,,,796 Stonegate Drive,Bozeman,MT,59715.0,,2,9007.49,"5,795 Direct Mail Letters, remit Envelopes, Remits and Postage and Video production, shoot",PM,,,,N,,,
"Alke, Ben",10/01/2023 to 12/31/2023,C5,11/02/2023,Plazby LLC,,,,796 Stonegate Drive,Bozeman,MT,59715.0,,2,3000.0,two months retainer for campaign management consultation services,PM,,,,N,,,
"Alke, Ben",10/01/2023 to 12/31/2023,C5,11/02/2023,Plazby LLC,,,,796 Stonegate Drive,Bozeman,MT,59715.0,,2,500.0,$500 facebook ad boost for intro video,PM,facebook,,,N,,,
"Alke, Ben",10/01/2023 to 12/31/2023,C5,11/01/2023,Donor Box,,,,"601 King Street, Suite 200",Alexandria,VA,22314.0,,2,11.93,CC fees and platform hosting for one online donation,PM,,,,N,,,
"Alke, Ben",10/01/2023 to 12/31/2023,C5,11/16/2023,Donor Box,,,,"601 King Street, Suite 200",Alexandria,VA,22314.0,,2,11.93,CC fees and platform hosting for one online donation,PM,,,,N,,,
"Alke, Ben",10/01/2023 to 12/31/2023,C5,11/17/2023,Donor Box,,,,"601 King Street, Suite 200",Alexandria,VA,22314.0,,2,4.95,CC fees and platform hosting for one online donation,PM,,,,N,,,
"Alke, Ben",10/01/2023 to 12/31/2023,C5,11/17/2023,Donor Box,,,,"601 King Street, Suite 200",Alexandria,VA,22314.0,,2,11.93,CC fees and platform hosting for one online donation,PM,,,,N,,,
"Alke, Ben",10/01/2023 to 12/31/2023,C5,12/12/2023,Donor Box,,,,"601 King Street, Suite 200",Alexandria,VA,22314.0,,2,4.95,CC fees and platform hosting for one online donation,PM,,,,N,,,
"Alke, Ben",10/01/2023 to 12/31/2023,C5,12/01/2023,ActBlue,,,,366 Summer St,Somerville,MA,2144.0,,2,7.96,CC fees and online platform hosting for two online donations - monthly recurring contributors ,PM,,,,N,,,
"Alke, Ben",10/01/2023 to 12/31/2023,C5,10/06/2023,Abbey Lee Cook & Associates,,,,Po Box 1101,Helena,MT,59624.0,,2,1500.0,campaign set up fee for administrative hours associated with set up of infrastructure,PM,,,,N,,,
"Alke, Ben",10/01/2023 to 12/31/2023,C5,12/09/2023,Staples,,,,2020 Cromwell Dixon Lane,Helena,MT,59602.0,,2,17.98,printing of mailing labels for thank you cards,PM,,,,N,,,
"Alke, Ben",10/01/2023 to 12/31/2023,C5,12/09/2023,UPS Store,,,,2047 North Last Chance Gulch,h,MT,59601.0,,2,11.97,postage for mailing of labels for thank you cards,PM,,,,N,,,
"Alke, Ben",10/01/2023 to 12/31/2023,C5,11/15/2023,Donor Box (Stripe),,,, 1520 Belle View Blvd #4106,Alexandria,VA,22307.0,,2,2.63,Credit Card processing fee and platform hosting for donorbox and stripe for one $50 contribution,PM,Donor box/Stripe,,,N,,,
"Alke, Ben",10/01/2023 to 12/31/2023,C5,10/02/2023,Donor Box,,,,"601 King Street, Suite 200",Alexandria,VA,22314.0,,2,4.95,credit card fees and platform hosting for one online donation,PM,,,,N,,,
"Alke, Ben",10/01/2023 to 12/31/2023,C5,10/01/2023,ActBlue,,,,366 Summer St,Somerville,MA,2144.0,,2,24.84,credit card and hosting fee for one month of online donations via actblue,PM,,,,N,,,
"Alke, Ben",10/01/2023 to 12/31/2023,C5,10/01/2023,Abbey Lee Cook and Associates,,,,PO Box 1101,Helena,MT,59624.0,,2,1750.0,Website development fee for final delivery of website,PM,,,,N,,,
"Alke, Ben",10/01/2023 to 12/31/2023,C5,10/16/2023,Donor Box,,,,"601 King Street, Suite 200",Alexandria,VA,22314.0,,2,11.93,CC fees and platform hosting for one online donation,PM,,,,N,,,
"Alke, Ben",10/01/2023 to 12/31/2023,C5,10/24/2023,Donor Box,,,,"601 King Street, Suite 200",Alexandria,VA,22314.0,,2,4.95,CC fees and platform hosting for one online donation,PM,,,,N,,,
"Alke, Ben",10/01/2023 to 12/31/2023,C5,10/18/2023,Donor Box,,,,"601 King Street, Suite 200",Alexandria,VA,22314.0,,2,4.95,CC fees and platform hosting for one online donation,PM,,,,N,,,
"Alke, Ben",10/01/2023 to 12/31/2023,C5,10/27/2023,Donor Box,,,,"601 King Street, Suite 200",Alexandria,VA,22314.0,,2,23.55,CC fees and platform hosting for one online donation,PM,,,,N,,,
"Alke, Ben",10/01/2023 to 12/31/2023,C5,10/31/2023,Goetz Law Firm,,,,PO Box 6580,Bozeman,MT,59715.0,,2,587.62,food and beverage supplies for an event for roughly 50 people,PM,,,,N,,,
"Alke, Ben",10/01/2023 to 12/31/2023,C5,10/31/2023,,Thomas,,Ogorzalek,1837 West Evergreen Avenue,Chicago,IL,60622.0,,2,538.0,payment for travel for one plane ticket for travel for campaign consultation travel,PM,,,,N,,,
"Alke, Ben",10/01/2023 to 12/31/2023,C5,11/01/2023,ActBlue,,,,366 Summer St,Somerville,MA,2144.0,,2,22.88,CC fees and platform hosting for one month of online donations (two donations processed),PM,,,,N,,,
"Alke, Ben",10/01/2023 to 12/31/2023,C5,11/03/2023,Donor Box,,,,"601 King Street, Suite 200",Alexandria,VA,22314.0,,2,32.85,CC fees and platform hosting for one online donation,PM,,,,N,,,
"Alke, Ben",10/01/2023 to 12/31/2023,C5,11/02/2023,Valley Bank,,,Valley Bank,321 Fuller Ave,Helena,MT,59601.0,,2,20.0,domestice wire transfer fee,PM,,,,N,,,
"Alke, Ben",10/01/2023 to 12/31/2023,C5,11/03/2023,,Matt,,Dodd,P.O Box 160669,Big Sky,MT,59716.0,,2,700.0,Over the limit refund,PM,,,,N,,,
"Alke, Ben",10/01/2023 to 12/31/2023,C5,11/04/2023,Donor Box,,,,"601 King Street, Suite 200",Alexandria,VA,22314.0,,2,2.63,CC fees and platform hosting for one online donation,PM,,,,N,,,
"Alke, Ben",10/01/2023 to 12/31/2023,C5,11/11/2023,Donor Box,,,,"601 King Street, Suite 200",Alexandria,VA,22314.0,,2,3.79,CC fees and platform hosting for one online donation,PM,,,,N,,,
"Alke, Ben",07/25/2023 to 09/30/2023,C5,09/02/2023,,Kyle,,Blessinger,434 Mathew Bird Circle,Bozeman,MT,59715.0,,2,700.0,Over the limit contribtion refund,PM,,,,N,,,
"Alke, Ben",07/25/2023 to 09/30/2023,C5,09/01/2023,Abbey Lee Cook & Associates,,,,Po Box 1101,Helena,MT,59624.0,,2,800.0,monthly compliance services and data management,PM,,,,N,,,
"Alke, Ben",07/25/2023 to 09/30/2023,C5,09/28/2023,Donor Box,,,,5 3rd S. Suite 900,San Francisco,CA,94102.0,,2,2165.8,credit card processing fee and access to online platform for 115 transactions,PM,,,,N,,,
"Alke, Ben",07/25/2023 to 09/30/2023,C5,08/15/2023,Abbey Lee Cook & Associates,,,,Po Box 1101,Helena,MT,59624.0,,2,4300.0,Website Build and Design and logo design suite,PM,,,,N,,,
"Knudsen, Austin",06/16/2024 to 08/15/2024,C5,08/15/2024,Anedot,,,Anedot,1340 Poydras Street Suite 1770,New Orleans,LA,70112.0,,2,688.85,Anedot Fee for (83) campaign donations from 06.16.2024 to 08.15.2024,GN,,,,N,,,
"Knudsen, Austin",06/16/2024 to 08/15/2024,C5,06/17/2024,Straight Talk,,,,9700 Northwest 112th Avenue,Miami,FL,33178.0,,2,35.59,wireless,GN,,,,N,,,
"Knudsen, Austin",06/16/2024 to 08/15/2024,C5,08/13/2024,Peak Insights,,,,350 Ryman Street,Missoula,MT,59802.0,,2,2730.76,Research and Polling of MT Voters for July 2024,GN,,,,N,,,
"Knudsen, Austin",06/16/2024 to 08/15/2024,C5,08/15/2024,,Charles,,Denowh,1820 North Last Chance Gulch,Helena,MT,59601.0,,2,500.0,REFUND,GN,,,,N,,,
"Knudsen, Austin",06/16/2024 to 08/15/2024,C5,07/19/2024,Straight Talk,,,,9700 Northwest 112th Avenue,Miami,FL,33178.0,,2,35.32,wireless,GN,,,,N,,,
"Knudsen, Austin",06/16/2024 to 08/15/2024,C5,06/20/2024,Straight Talk,,,,9700 Northwest 112th Avenue,Miami,FL,33178.0,,2,35.59,wireless,GN,,,,N,,,
"Knudsen, Austin",06/16/2024 to 08/15/2024,C5,08/15/2024,Ultra Graphics,,,,3413 Gabel Road,Billings,MT,59106.0,,2,94.35,Thank you Postcard Production,GN,,,,N,,,
"Knudsen, Austin",06/16/2024 to 08/15/2024,C5,08/02/2024,Integrated Solutions: Political,,,,4142 Adams Avenue Suite 103-550,San Diego,CA,92116.0,,2,825.0,Compliance software,GN,,,,N,,,
"Knudsen, Austin",06/16/2024 to 08/15/2024,C5,07/08/2024,The Political Company,,,,P.O. Box 81274,Billings,MT,59108.0,,2,82.75,Google and email subscription,GN,,,,N,,,
"Knudsen, Austin",06/16/2024 to 08/15/2024,C5,08/13/2024,Burnt Timber Consulting,,,,PO Box 5315,Helena,MT,59604.0,,2,1752.0,Bookkeeping and compliance,GN,,,,N,,,
"Knudsen, Austin",06/16/2024 to 08/15/2024,C5,08/13/2024,The Political Company,,,,P.O. Box 81274,Billings,MT,59108.0,,2,5000.0,Fundraising Consulting,GN,,,,N,,,
"Knudsen, Austin",06/16/2024 to 08/15/2024,C5,08/13/2024,The Political Company,,,,P.O. Box 81274,Billings,MT,59108.0,,2,335.63,Google and email subscription,GN,,,,N,,,
"Knudsen, Austin",06/16/2024 to 08/15/2024,C5,07/02/2024,Integrated Solutions: Political,,,,4142 Adams Avenue Suite 103-550,San Diego,CA,92116.0,,2,825.0,Compliance software,GN,,,,N,,,
"Knudsen, Austin",06/16/2024 to 08/15/2024,C5,08/13/2024,The Political Company,,,,P.O. Box 81274,Billings,MT,59108.0,,2,6635.18,"(7564) Fundraising Letter Package #10, #9, Letter and Reply Form; Creative, Postage and Mail Prep",GN,,,,N,,,
"Knudsen, Austin",06/16/2024 to 08/15/2024,C5,07/08/2024,The Political Company,,,,P.O. Box 81274,Billings,MT,59108.0,,2,3500.0,Fundraising Consulting,GN,,,,N,,,
"Knudsen, Austin",06/16/2024 to 08/15/2024,C5,08/15/2024,,John,,Mues,17 Wildflower,Deer Lodge,MT,59722.0,,2,1580.0,REFUND,GN,,,,N,,,
"Knudsen, Austin",05/15/2024 to 06/15/2024,C5,06/04/2024,Integrated Solutions: Political,,,,4142 Adams Avenue Suite 103-550,San Diego,CA,92116.0,,2,825.0,Compliance software,PM,,,,,,,
"Knudsen, Austin",05/15/2024 to 06/15/2024,C5,05/20/2024,Anedot,,,Anedot,1340 Poydras Street Suite 1770,New Orleans,LA,70112.0,,2,3.6,Merchant Processing Fees Adjustment,PM,,,,,,,
"Knudsen, Austin",05/15/2024 to 06/15/2024,C5,05/22/2024,Anedot,,,Anedot,1340 Poydras Street Suite 1770,New Orleans,LA,70112.0,,2,10.9,Merchant Processing Fees Adjustment,PM,,,,,,,
"Knudsen, Austin",05/15/2024 to 06/15/2024,C5,05/27/2024,Anedot,,,Anedot,1340 Poydras Street Suite 1770,New Orleans,LA,70112.0,,2,6.6,Merchant Processing Fees Adjustment,PM,,,,,,,
"Knudsen, Austin",05/15/2024 to 06/15/2024,C5,06/01/2024,Anedot,,,Anedot,1340 Poydras Street Suite 1770,New Orleans,LA,70112.0,,2,8.5,Merchant Processing Fees Adjustment,PM,,,,,,,
"Knudsen, Austin",05/15/2024 to 06/15/2024,C5,05/15/2024,Anedot,,,Anedot,1340 Poydras Street Suite 1770,New Orleans,LA,70112.0,,2,14.9,Merchant Processing Fees Adjustment,PM,,,,,,,
"Knudsen, Austin",05/15/2024 to 06/15/2024,C5,05/18/2024,Anedot,,,Anedot,1340 Poydras Street Suite 1770,New Orleans,LA,70112.0,,2,11.6,Merchant Processing Fees Adjustment,PM,,,,,,,
"Knudsen, Austin",05/15/2024 to 06/15/2024,C5,05/26/2024,Anedot,,,Anedot,1340 Poydras Street Suite 1770,New Orleans,LA,70112.0,,2,1.3,Merchant Processing Fees Adjustment,PM,,,,,,,
"Knudsen, Austin",05/15/2024 to 06/15/2024,C5,06/11/2024,Anedot,,,Anedot,1340 Poydras Street Suite 1770,New Orleans,LA,70112.0,,2,81.4,Merchant Processing Fees Adjustment,GN,,,,,,,
"Knudsen, Austin",05/15/2024 to 06/15/2024,C5,06/03/2024,Anedot,,,Anedot,1340 Poydras Street Suite 1770,New Orleans,LA,70112.0,,2,10.1,Merchant Processing Fees Adjustment,PM,,,,,,,
"Knudsen, Austin",05/15/2024 to 06/15/2024,C5,06/13/2024,Anedot,,,Anedot,1340 Poydras Street Suite 1770,New Orleans,LA,70112.0,,2,2.3,Merchant Processing Fees Adjustment,GN,,,,,,,
"Knudsen, Austin",05/15/2024 to 06/15/2024,C5,06/11/2024,,Alan,,Bradley,PO Box 460418,Huson,MT,59846.0,,2,290.0,REFUND,PM,,,,,,,
"Knudsen, Austin",05/15/2024 to 06/15/2024,C5,05/24/2024,Anedot,,,Anedot,1340 Poydras Street Suite 1770,New Orleans,LA,70112.0,,2,109.9,Merchant Processing Fees Adjustment,PM,,,,,,,
"Knudsen, Austin",05/15/2024 to 06/15/2024,C5,06/03/2024,Anedot,,,Anedot,1340 Poydras Street Suite 1770,New Orleans,LA,70112.0,,2,1.3,Merchant Processing Fees Adjustment,PM,,,,,,,
"Knudsen, Austin",05/15/2024 to 06/15/2024,C5,05/20/2024,Straight Talk,,,,9700 Northwest 112th Avenue,Miami,FL,33178.0,,2,35.59,wireless,PM,,,,,,,
"Knudsen, Austin",04/16/2024 to 05/14/2024,C5,05/07/2024,The Political Company,,,,P.O. Box 81274,Billings,MT,59108.0,,2,2000.0,(100) Vote Austin Knudsen 2x4 HWY Signs,PM,,,,N,,,
"Knudsen, Austin",04/16/2024 to 05/14/2024,C5,05/14/2024,Burnt Timber Consulting,,,,PO Box 5315,Helena,MT,59604.0,,2,6500.0,Bookkeeping and compliance services for primary period,PM,,,,N,,,
"Knudsen, Austin",04/16/2024 to 05/14/2024,C5,05/02/2024,The Political Company,,,,P.O. Box 81274,Billings,MT,59108.0,,2,35000.0,"Vote Austin Knudsen for AG - Broadcast, Digital, and Cable Media Placement 5/6/24 - 11/5/24 Predators, Biden, Poisoning Ads",PM,,,,N,,,
"Knudsen, Austin",04/16/2024 to 05/14/2024,C5,04/18/2024,Valley Bank of Helena,,,,3030 North Montana Avenue,Helena,MT,59601.0,,2,20.0,BANK FEE,PM,,,,N,,,
"Knudsen, Austin",04/16/2024 to 05/14/2024,C5,05/02/2024,Valley Bank of Helena,,,,3030 North Montana Avenue,Helena,MT,59601.0,,2,20.0,BANK FEE,PM,,,,N,,,
"Knudsen, Austin",04/16/2024 to 05/14/2024,C5,05/07/2024,Ultra Graphics,,,,3413 Gabel Road,Billings,MT,59106.0,,2,194.17,566 Bozeman Event Invitations,PM,,,,N,,,
"Knudsen, Austin",04/16/2024 to 05/14/2024,C5,05/07/2024,The Political Company,,,,P.O. Box 81274,Billings,MT,59108.0,,2,3500.0,May Fundraising Consulting,PM,,,,N,,,
"Knudsen, Austin",04/16/2024 to 05/14/2024,C5,05/02/2024,Integrated Solutions: Political,,,,4142 Adams Avenue Suite 103-550,San Diego,CA,92116.0,,2,825.0,Compliance software,PM,,,,N,,,
"Knudsen, Austin",04/16/2024 to 05/14/2024,C5,05/07/2024,The Political Company,,,,P.O. Box 81274,Billings,MT,59108.0,,2,82.75,Reimbursement Email and Google subscriptions,PM,,,,N,,,
"Knudsen, Austin",04/16/2024 to 05/14/2024,C5,04/18/2024,The Political Company,,,,P.O. Box 81274,Billings,MT,59108.0,,2,125000.0,"Vote Austin Knudsen for AG - Broadcast and Cable Media Placement 4/22/24 - 11/5/24. Predators, Biden, Poisoning Ads",PM,,,,N,,,
"Knudsen, Austin",04/16/2024 to 05/14/2024,C5,05/14/2024,Ultra Graphics,,,,3413 Gabel Road,Billings,MT,59106.0,,2,3332.28,#10 Austin Knudsen Envelopes (20000); #9 Austin Knudsen Envelopes (20000),PM,,,,N,,,
"Knudsen, Austin",04/16/2024 to 05/14/2024,C5,05/07/2024,The Political Company,,,,P.O. Box 81274,Billings,MT,59108.0,,2,2774.4,travel reimbursement,PM,,,,N,,,
"Knudsen, Austin",04/16/2024 to 05/14/2024,C5,05/07/2024,Rising Tide Media Group,,,,1260 East Stringham Avenue 4th Flr,Salt Lake City,UT,84106.0,,2,7155.38,Production Poisoning TV Ad / Travel Reimbursement,PM,,,,N,,,
"Knudsen, Austin",04/16/2024 to 05/14/2024,C5,05/07/2024,Burnt Timber Consulting,,,,PO Box 5315,Helena,MT,59604.0,,2,403.55,"(558) FC postage reimbursement for bill pay, compliance letters, thank yous; Shipping reimbursement for refund checks",PM,,,,N,,,
"Knudsen, Austin",04/16/2024 to 05/14/2024,C5,05/07/2024,The Political Company,,,,P.O. Box 81274,Billings,MT,59108.0,,2,6022.0,"(6200) Fundraising Letter, Envelopes April; (6200) Postage; Creative and Design",PM,,,,N,,,
"Knudsen, Austin",04/16/2024 to 05/14/2024,C5,04/18/2024,Straight Talk,,,,9700 Northwest 112th Avenue,Miami,FL,33178.0,,2,35.59,wireless,PM,,,,N,,,
"Knudsen, Austin",04/16/2024 to 05/14/2024,C5,05/07/2024,The Political Company,,,,P.O. Box 81274,Billings,MT,59108.0,,2,1300.0,(2000) Thank you cards and envelopes,PM,,,,N,,,
"Knudsen, Austin",04/16/2024 to 05/14/2024,C5,05/14/2024,Anedot,,,Anedot,1340 Poydras Street Suite 1770,New Orleans,LA,70112.0,,2,918.2,Anedot Fee for (58) campaign donations from 04.16.24 to 05.14.24,PM,,,,N,,,
"Knudsen, Austin",03/16/2024 to 04/15/2024,C5,04/15/2024,,Charles,,Denowh,1820 North Last Chance Gulch,Helena,MT,59601.0,,2,610.0,Refund,PM,,,,N,,,
"Knudsen, Austin",03/16/2024 to 04/15/2024,C5,04/15/2024,Anedot,,,Anedot,1340 Poydras Street Suite 1770,New Orleans,LA,70112.0,,2,843.03,Anedot Fee for (47) campaign donations from 03.16.2024 to 04.15.2024,PM,,,,N,,,
"Knudsen, Austin",03/16/2024 to 04/15/2024,C5,04/15/2024,,Shelby,F,Demars,5580 Spur Dr.,Helena,MT,59602.0,,2,250.0,REFUND,PM,,,,N,,,
"Knudsen, Austin",03/16/2024 to 04/15/2024,C5,04/01/2024,Benjamin Systems LLC,,,,9893 Georgetown Pike #531,Great Falls,VA,22066.0,,2,6983.0,Fundraising software,PM,,,,N,,,
"Knudsen, Austin",03/16/2024 to 04/15/2024,C5,04/08/2024,Burnt Timber Consulting,,,,PO Box 5315,Helena,MT,59604.0,,2,2000.0,March and April Bookkeeping and Compliance,PM,,,,N,,,
"Knudsen, Austin",03/16/2024 to 04/15/2024,C5,04/08/2024,Ultra Graphics,,,,3413 Gabel Road,Billings,MT,59106.0,,2,182.0,Bozeman Event 4/12/24 Invite (566),PM,,,,N,,,
"Knudsen, Austin",03/16/2024 to 04/15/2024,C5,04/08/2024,Ultra Graphics,,,,3413 Gabel Road,Billings,MT,59106.0,,2,234.7,(347) Thank you Postcards and Postage,PM,,,,N,,,
"Knudsen, Austin",03/16/2024 to 04/15/2024,C5,04/02/2024,Integrated Solutions: Political,,,,4142 Adams Avenue Suite 103-550,San Diego,CA,92116.0,,2,825.0,Compliance software,PM,,,,N,,,
"Knudsen, Austin",03/16/2024 to 04/15/2024,C5,03/21/2024,Straight Talk,,,,9700 Northwest 112th Avenue,Miami,FL,33178.0,,2,35.62,wireless,PM,,,,N,,,
"Knudsen, Austin",03/16/2024 to 04/15/2024,C5,03/18/2024,Integrated Solutions: Political,,,,4142 Adams Avenue Suite 103-550,San Diego,CA,92116.0,,2,338.71,Compliance software,PM,,,,N,,,
"Knudsen, Austin",03/16/2024 to 04/15/2024,C5,03/28/2024,Ultra Graphics,,,,3413 Gabel Road,Billings,MT,59106.0,,2,253.0,(1000) Donation Remit Envelopes,PM,,,,N,,,
"Knudsen, Austin",03/16/2024 to 04/15/2024,C5,04/08/2024,The Political Company,,,,P.O. Box 81274,Billings,MT,59108.0,,2,3500.0,Fundraising Consulting,PM,,,,N,,,
"Knudsen, Austin",03/16/2024 to 04/15/2024,C5,04/15/2024,,Jon,,Metropoulos,835 Breckenridge Street,Helena,MT,59601.0,,2,820.0,REFUND,PM,,,,N,,,
"Knudsen, Austin",03/16/2024 to 04/15/2024,C5,04/08/2024,The Political Company,,,,P.O. Box 81274,Billings,MT,59108.0,,2,620.56,(2625) Fundraising Event SMS; Email subscription,PM,,,,N,,,
"Knudsen, Austin",01/01/2024 to 03/15/2024,C5,03/15/2024,Moore Information Group,,,,"350 Ryman Street, Ste 300",Missoula,MT,59802.0,,2,3000.0,"Polling MT Voters GOV March 2024, March 16-19, 2024",PM,,,,N,,,
"Knudsen, Austin",01/01/2024 to 03/15/2024,C5,03/15/2024,Anedot,,,Anedot,1340 Poydras Street Suite 1770,New Orleans,LA,70112.0,,2,1535.9,Anedot Fee for (115) campaign donations from 01.01.2024 to 03.15.2024,PM,,,,N,,,
"Knudsen, Austin",01/01/2024 to 03/15/2024,C5,03/15/2024,Ultra Graphics,,,,3413 Gabel Road,Billings,MT,59106.0,,2,476.44,Billings Event Invites and Postage (714); Shipping,PM,,,,N,,,
"Knudsen, Austin",01/01/2024 to 03/15/2024,C5,03/15/2024,The Political Company,,,,P.O. Box 81274,Billings,MT,59108.0,,2,3500.0,Fundraising Consulting,PM,,,,N,,,
"Knudsen, Austin",01/01/2024 to 03/15/2024,C5,03/15/2024,Grey Wolf Services LLC,,,,26 Aussie Tree Ln,Kalispell,MT,59901.0,,2,50.0,Refund,PM,,,,N,,,
"Knudsen, Austin",01/01/2024 to 03/15/2024,C5,03/15/2024,Daisy Duke's Saloon & Dance Hall,,,,222 N 28th St,Billings,MT,59101.0,,2,700.0,Refund,PM,,,,N,,,
"Knudsen, Austin",01/01/2024 to 03/15/2024,C5,01/17/2024,,Christine,,Harris,1511 Shiloh Road,Billings,MT,59106.0,,2,10.0,Refund,PM,,,,N,,,
"Knudsen, Austin",01/01/2024 to 03/15/2024,C5,01/02/2024,Valley Bank of Helena,,,,3030 North Montana Avenue,Helena,MT,59601.0,,2,20.0,BANK FEE,PM,,,,N,,,
"Knudsen, Austin",01/01/2024 to 03/15/2024,C5,02/27/2024,The Political Company,,,,PO Box 81274,Billings,MT,59108.0,,2,949.88,Reimbursement: Monthly Email Service / Software / (117) FC Postage / Color Copies Missoula Fundraiser Invite,PM,,,,N,,,
"Knudsen, Austin",01/01/2024 to 03/15/2024,C5,02/27/2024,The Political Company,,,,PO Box 81274,Billings,MT,59108.0,,2,3500.0,Fundraising Consulting,PM,,,,N,,,
"Knudsen, Austin",01/01/2024 to 03/15/2024,C5,01/31/2024,Burnt Timber Consulting,,,,PO Box 5315,Helena,MT,59604.0,,2,1000.0,January Bookkeeping and Compliance,PM,,,,N,,,
"Knudsen, Austin",01/01/2024 to 03/15/2024,C5,02/02/2024,Integrated Solutions: Political,,,,4142 Adams Avenue Suite 103-550,San Diego,CA,92116.0,,2,450.0,Compliance software,PM,,,,N,,,
"Knudsen, Austin",01/01/2024 to 03/15/2024,C5,01/17/2024,,Libby,,Harris,1511 Shiloh Road,Billings,MT,59106.0,,2,10.0,Refund,PM,,,,N,,,
"Knudsen, Austin",01/01/2024 to 03/15/2024,C5,03/04/2024,Integrated Solutions: Political,,,,4142 Adams Avenue Suite 103-550,San Diego,CA,92116.0,,2,450.0,Compliance software,PM,,,,N,,,
"Knudsen, Austin",01/01/2024 to 03/15/2024,C5,01/17/2024,,James,,Harris,1511 Shiloh Road,Billings,MT,59106.0,,2,10.0,Refund,PM,,,,N,,,
"Knudsen, Austin",01/01/2024 to 03/15/2024,C5,01/02/2024,Strategic Media,,,,4601 Fairfax Drive Ste 730,Arlington,VA,22203.0,,2,21780.0,"Placement for (3) :15 TV ads ""Predator"" ""Biden"" ""Poisoning"" 1/3-1/30/23",PM,,,,N,,,
"Knudsen, Austin",01/01/2024 to 03/15/2024,C5,01/22/2024,Straight Talk,,,,9700 Northwest 112th Avenue,Miami,FL,33178.0,,2,35.62,wireless,PM,,,,N,,,
"Knudsen, Austin",01/01/2024 to 03/15/2024,C5,01/17/2024,,Zach,,Harris,1511 Shiloh Road,Billings,MT,59106.0,,2,10.0,Refund,PM,,,,N,,,
"Knudsen, Austin",01/01/2024 to 03/15/2024,C5,02/27/2024,,Austin,,Knudsen,PO Box 5202,Helena,MT,59604.0,,2,550.22,Reimbursement: Lodging and Food and Beverages for February Kalispell Fundraiser,PM,,,,N,,,
"Knudsen, Austin",01/01/2024 to 03/15/2024,C5,01/31/2024,The Political Company,,,,PO Box 81274,Billings,MT,59108.0,,2,487.76,Fundraising SMS (1751) 1/27 & (1751) 1/31,PM,,,,N,,,
"Knudsen, Austin",01/01/2024 to 03/15/2024,C5,01/30/2024,Best Western GranTree,,,,1325 North 7th Avenue,Bozeman,MT,59715.0,,2,760.4,"Venue Rental, Food and Beverages for Fundraisier",PM,,,,N,,,
"Knudsen, Austin",01/01/2024 to 03/15/2024,C5,02/18/2024,Cascade County Republican Central Cmte,,,,PO Box 6146,Great Falls,MT,59406.0,,2,142.42,Lincoln Day Dinner,PM,,,,N,,,
"Knudsen, Austin",01/01/2024 to 03/15/2024,C5,02/22/2024,Montana Secretary of State,,,,1301 East 6th Ave Room 260,Helena,MT,59601.0,,2,1508.76,FILING FEE,PM,,,,N,,,
"Knudsen, Austin",01/01/2024 to 03/15/2024,C5,01/03/2024,Integrated Solutions: Political,,,,4142 Adams Avenue Suite 103-550,San Diego,CA,92116.0,,2,450.0,Compliance software,PM,,,,N,,,
"Knudsen, Austin",01/01/2024 to 03/15/2024,C5,02/08/2024,,John,E,DeMarios,Po box 18003,Missoula,MT,59808.0,,2,700.0,Refund,PM,,,,N,,,
"Knudsen, Austin",01/01/2024 to 03/15/2024,C5,02/27/2024,Leadership in Action,,,,PO Box 5315,Helena,MT,59604.0,,2,190.88,List Rental for 1/15/24 Fundraising Mailer - 1193 Records,PM,,,,N,,,
"Knudsen, Austin",01/01/2024 to 03/15/2024,C5,02/27/2024,The Political Company,,,,PO Box 81274,Billings,MT,59108.0,,2,6872.36,"Creative Printing Postage (7393) 2/05/24 Fundraising Mailer; Letter, #10 Envelope,  #9 Reply Env, Reply Form",PM,,,,N,,,
"Knudsen, Austin",01/01/2024 to 03/15/2024,C5,02/15/2024,Strategic Media,,,,4601 Fairfax Drive Ste 730,Arlington,VA,22203.0,,2,21780.0,Placement for (3) :15 TV ads & Predator; Biden; Poisoning,PM,,,,N,,,
"Knudsen, Austin",01/01/2024 to 03/15/2024,C5,02/27/2024,Ultra Graphics,,,,3413 Gabel Road,Billings,MT,59102.0,,2,622.89,"(1640) Printing Fundraising Invite Postcards, (1640) Postage, Design",PM,,,,N,,,
"Knudsen, Austin",01/01/2024 to 03/15/2024,C5,01/17/2024,Moore Information Group,,,,350 Ryman Street Ste 300,Missoula,MT,59802.0,,2,2131.25,"Polling MT Voters Survey Jan 4-9, 2024",PM,,,,N,,,
"Knudsen, Austin",01/01/2024 to 03/15/2024,C5,02/27/2024,The Political Company,,,,PO Box 81274,Billings,MT,59108.0,,2,291.88,(1935) Fundraising SMS sent 2/22/24,PM,,,,N,,,
"Knudsen, Austin",01/01/2024 to 03/15/2024,C5,02/08/2024,Ultra Graphics,,,,3413 Gabel Road,Billings,MT,59102.0,,2,265.17,"(239) Printing Thank you Postcards, (239) Postage, Design",PM,,,,N,,,
"Knudsen, Austin",01/01/2024 to 03/15/2024,C5,02/27/2024,Burnt Timber Consulting,,,,PO Box 5315,Helena,MT,59604.0,,2,1000.0,February Bookkeeping and Compliance,PM,,,,N,,,
"Knudsen, Austin",01/01/2024 to 03/15/2024,C5,01/31/2024,The Political Company,,,,PO Box 81274,Billings,MT,59108.0,,2,3500.0,Fundraising Consulting,PM,,,,N,,,
"Knudsen, Austin",01/01/2024 to 03/15/2024,C5,02/20/2024,Straight Talk,,,,9700 Northwest 112th Avenue,Miami,FL,33178.0,,2,35.62,wireless,PM,,,,N,,,
"Knudsen, Austin",01/01/2024 to 03/15/2024,C5,02/15/2024,Valley Bank of Helena,,,,3030 North Montana Avenue,Helena,MT,59601.0,,2,20.0,BANK FEE,PM,,,,N,,,
"Knudsen, Austin",01/01/2024 to 03/15/2024,C5,03/14/2024,,Larry,,Martin,48 Rock Creek Road,Clinton,MT,59825.0,,2,590.0,Refund,PM,,,,N,,,
"Knudsen, Austin",11/04/2023 to 12/31/2023,C5,12/14/2023,Anedot,,,,1340 Poydras Street,New Orleans,LA,70112.0,,2,33.2,Anedot Processing Fee,PM,,,,N,,,
"Knudsen, Austin",11/04/2023 to 12/31/2023,C5,12/13/2023,Anedot,,,,1340 Poydras Street,New Orleans,LA,70112.0,,2,92.9,Anedot Processing Fee,PM,,,,N,,,
"Knudsen, Austin",11/04/2023 to 12/31/2023,C5,12/04/2023,Anedot,,,,1340 Poydras Street,New Orleans,LA,70112.0,,2,75.5,Anedot Processing Fee,PM,,,,N,,,
"Knudsen, Austin",11/04/2023 to 12/31/2023,C5,12/31/2023,Anedot,,,,1340 Poydras Street,New Orleans,LA,70112.0,,2,8.6,merchant processing fees,PM,,,,N,,,
"Knudsen, Austin",11/04/2023 to 12/31/2023,C5,12/12/2023,Anedot,,,,1340 Poydras Street,New Orleans,LA,70112.0,,2,115.5,Anedot Processing Fee,PM,,,,N,,,
"Knudsen, Austin",11/04/2023 to 12/31/2023,C5,11/30/2023,Harland Clarke,,,,15955 La Cantera Parkway,San Antonio,TX,78256.0,,2,40.12,Campaign Checks Order,PM,,,,N,,,
"Knudsen, Austin",11/04/2023 to 12/31/2023,C5,12/06/2023,The Political Company,,,,PO Box 81274,Billings,MT,59108.0,,2,6792.84,"(7395) Fundraising Announcement Letter Package 2 - Design, Print, Mail, Prep, List Rental and Postage",PM,,,,N,,,
"Knudsen, Austin",11/04/2023 to 12/31/2023,C5,12/12/2023,Green Meadow Country Club,,,,2720 Country Club Avenue,Helena,MT,59602.0,,2,1393.2,"Venue, Food and Beverage for 12/05/23 Fundraiser",PM,,,,N,,,
"Knudsen, Austin",11/04/2023 to 12/31/2023,C5,11/16/2023,Integrated Solutions: Political,,,,4142 Adams Avenue Suite 103-550,San Diego,CA,92116.0,,2,375.0,Compliance software,PM,,,,,,,
"Knudsen, Austin",11/04/2023 to 12/31/2023,C5,12/18/2023,Anedot,,,,1340 Poydras Street,New Orleans,LA,70112.0,,2,57.2,Anedot Processing Fee,PM,,,,N,,,
"Knudsen, Austin",11/04/2023 to 12/31/2023,C5,11/30/2023,Anedot,,,,1340 Poydras Street,New Orleans,LA,70112.0,,2,76.2,Anedot Processing Fee,PM,,,,,,,
"Knudsen, Austin",11/04/2023 to 12/31/2023,C5,12/30/2023,The Political Company,,,,PO Box 81274,Billings,MT,59108.0,,2,260.38,(1683) Year end fundraising SMS 12/28/23,PM,,,,N,,,
"Knudsen, Austin",11/04/2023 to 12/31/2023,C5,11/15/2023,Valley Bank of Helena,,,,3030 North Montana Avenue,Helena,MT,59601.0,,2,20.0,BANK FEE,PM,,,,,,,
"Knudsen, Austin",11/04/2023 to 12/31/2023,C5,11/17/2023,Anedot,,,,1340 Poydras Street,New Orleans,LA,70112.0,,2,95.5,Anedot Processing Fee,PM,,,,,,,
"Knudsen, Austin",11/04/2023 to 12/31/2023,C5,11/27/2023,Burnt Timber Consulting,,,,PO Box 5315,Helena,MT,59604.0,,2,176.0,PO BOX rental,PM,,,,,,,
"Knudsen, Austin",11/04/2023 to 12/31/2023,C5,12/30/2023,The Political Company,,,,PO Box 81274,Billings,MT,59108.0,,2,266.75,(1734) Year end fundraising SMS 12/12/23,PM,,,,N,,,
"Knudsen, Austin",11/04/2023 to 12/31/2023,C5,11/22/2023,Anedot,,,,1340 Poydras Street,New Orleans,LA,70112.0,,2,4.3,Anedot Processing Fee,PM,,,,,,,
"Knudsen, Austin",11/04/2023 to 12/31/2023,C5,12/22/2023,Thiel Creek Livestock LLC,,,,20 Ellis Lane,Red Lodge,MT,59068.0,,2,500.0,Refund,PM,,,,N,,,
"Knudsen, Austin",11/04/2023 to 12/31/2023,C5,11/08/2023,Anedot,,,,1340 Poydras Street,New Orleans,LA,70112.0,,2,4.3,Anedot Processing Fee,PM,,,,,,,
"Knudsen, Austin",11/04/2023 to 12/31/2023,C5,12/30/2023,The Political Company,,,,PO Box 81274,Billings,MT,59108.0,,2,262.41,Email service / Website Hosting / Shipping (1) package / BIL 11/28 fundraiser beverage reimbursement,PM,,,,N,,,
"Knudsen, Austin",11/04/2023 to 12/31/2023,C5,11/22/2023,Straight Talk,,,,9700 Northwest 112th Avenue,Miami,FL,33178.0,,2,35.61,wireless,PM,,,,,,,
"Knudsen, Austin",11/04/2023 to 12/31/2023,C5,11/27/2023,Arena,,,,1260 East Stringham Avenue Ste 400,Salt Lake City,UT,84106.0,,2,10000.0,Facebook Video Ad Production,PM,,,,,,,
"Knudsen, Austin",11/04/2023 to 12/31/2023,C5,12/30/2023,The Political Company,,,,PO Box 81274,Billings,MT,59108.0,,2,96.6,Email subscription and shipping (2) packages,PM,,,,N,,,
"Knudsen, Austin",11/04/2023 to 12/31/2023,C5,12/19/2023,Anedot,,,,1340 Poydras Street,New Orleans,LA,70112.0,,2,3.0,Anedot Processing Fee,PM,,,,N,,,
"Knudsen, Austin",11/04/2023 to 12/31/2023,C5,11/15/2023,Anedot,,,,1340 Poydras Street,New Orleans,LA,70112.0,,2,28.3,Anedot Processing Fee,PM,,,,,,,
"Knudsen, Austin",11/04/2023 to 12/31/2023,C5,12/27/2023,Anedot,,,,1340 Poydras Street,New Orleans,LA,70112.0,,2,80.5,Anedot Processing Fee,PM,,,,N,,,
"Knudsen, Austin",11/04/2023 to 12/31/2023,C5,11/08/2023,Anedot,,,,1340 Poydras Street,New Orleans,LA,70112.0,,2,28.3,Anedot Processing Fee,PM,,,,,,,
"Knudsen, Austin",11/04/2023 to 12/31/2023,C5,12/30/2023,The Political Company,,,,PO Box 81274,Billings,MT,59108.0,,2,109.76,"Fundraiser SMS reminder (173) BIL 11/28, (143) HEL 12/05, (162) BF 12/10",PM,,,,N,,,
"Knudsen, Austin",11/04/2023 to 12/31/2023,C5,11/30/2023,,Austin,,Knudsen,PO Box 5202,Helena,MT,59604.0,,2,178.82,"Reimbursement: Campaign phone, case, charger purchase",PM,,,,N,,,
"Knudsen, Austin",11/04/2023 to 12/31/2023,C5,11/21/2023,Anedot,,,,1340 Poydras Street,New Orleans,LA,70112.0,,2,4.3,Anedot Processing Fee,PM,,,,,,,
"Knudsen, Austin",11/04/2023 to 12/31/2023,C5,11/27/2023,The Political Company,,,,PO Box 81274,Billings,MT,59108.0,,2,1633.71,"(731) Announcement Fundraising Letter - Design, print, mail prep and postage",PM,,,,,,,
"Knudsen, Austin",11/04/2023 to 12/31/2023,C5,11/14/2023,Anedot,,,,1340 Poydras Street,New Orleans,LA,70112.0,,2,28.3,Anedot Processing Fee,PM,,,,,,,
"Knudsen, Austin",11/04/2023 to 12/31/2023,C5,12/20/2023,Anedot,,,,1340 Poydras Street,New Orleans,LA,70112.0,,2,174.9,Anedot Processing Fee,PM,,,,N,,,
"Knudsen, Austin",11/04/2023 to 12/31/2023,C5,12/31/2023,Anedot,,,,1340 Poydras Street,New Orleans,LA,70112.0,,2,89.7,merchant processing fees,PM,,,,N,,,
"Knudsen, Austin",11/04/2023 to 12/31/2023,C5,12/27/2023,,John,,Brueggeman,840 Birch Point Dr,Whitefish,MT,59937.0,,2,580.0,Refund,PM,,,,N,,,
"Knudsen, Austin",11/04/2023 to 12/31/2023,C5,12/04/2023,Integrated Solutions: Political,,,,4142 Adams Avenue Suite 103-550,San Diego,CA,92116.0,,2,450.0,Compliance software,PM,,,,N,,,
"Knudsen, Austin",11/04/2023 to 12/31/2023,C5,12/22/2023,Straight Talk,,,,9700 Northwest 112th Avenue,Miami,FL,33178.0,,2,35.61,wireless,PM,,,,N,,,
"Knudsen, Austin",11/04/2023 to 12/31/2023,C5,11/15/2023,Strategic Media,,,,4601 Fairfax Drive Ste 730,Arlington,VA,22203.0,,2,19680.0,"Placement for (3) :15 TV ads ""Predator"" ""Biden"" ""Poisoning"" 1/3-1/30/23",PM,,,,,,,
"Knudsen, Austin",11/04/2023 to 12/31/2023,C5,12/06/2023,Rising Tide Media Group,,,,1260 East Stringham Avenue 4th Flr,Salt Lake City,UT,84106.0,,2,16500.0,"Production for (3) :15 TV ads ""Predator"" ""Biden"" ""Poisoning""",PM,,,,N,,,
"Knudsen, Austin",11/04/2023 to 12/31/2023,C5,11/27/2023,The Political Company,,,,PO Box 81274,Billings,MT,59108.0,,2,250.0,(250) Rally Signs,PM,,,,,,,
"Knudsen, Austin",11/04/2023 to 12/31/2023,C5,11/20/2023,Anedot,,,,1340 Poydras Street,New Orleans,LA,70112.0,,2,56.3,Anedot Processing Fee,PM,,,,,,,
"Knudsen, Austin",11/04/2023 to 12/31/2023,C5,12/06/2023,Anedot,,,,1340 Poydras Street,New Orleans,LA,70112.0,,2,3.6,Anedot Processing Fee,PM,,,,N,,,
"Knudsen, Austin",11/04/2023 to 12/31/2023,C5,11/27/2023,Anedot,,,,1340 Poydras Street,New Orleans,LA,70112.0,,2,11.6,Anedot Processing Fee,PM,,,,,,,
"Knudsen, Austin",11/04/2023 to 12/31/2023,C5,11/10/2023,Anedot,,,,1340 Poydras Street,New Orleans,LA,70112.0,,2,101.6,Anedot Processing Fee,PM,,,,,,,
"Knudsen, Austin",11/04/2023 to 12/31/2023,C5,12/22/2023,Anedot,,,,1340 Poydras Street,New Orleans,LA,70112.0,,2,108.7,Anedot Processing Fee,PM,,,,N,,,
"Knudsen, Austin",11/04/2023 to 12/31/2023,C5,12/31/2023,Anedot,,,,1340 Poydras Street,New Orleans,LA,70112.0,,2,113.98,merchant processing fees,PM,,,,N,,,
"Knudsen, Austin",11/04/2023 to 12/31/2023,C5,12/08/2023,Anedot,,,,1340 Poydras Street,New Orleans,LA,70112.0,,2,338.9,Anedot Processing Fee,PM,,,,N,,,
"Knudsen, Austin",11/04/2023 to 12/31/2023,C5,11/27/2023,The Political Company,,,,PO Box 81274,Billings,MT,59108.0,,2,793.26,(524) Postcard + Postage 11/28 Fundraiser; (493) Postcard + Postage 12/05 Fundraiser,PM,,,,,,,
"Knudsen, Austin",11/04/2023 to 12/31/2023,C5,11/27/2023,The Political Company,,,,PO Box 81274,Billings,MT,59108.0,,2,350.0,(1000) Contribution Envelopes,PM,,,,,,,
"Knudsen, Austin",11/04/2023 to 12/31/2023,C5,12/30/2023,The Political Company,,,,PO Box 81274,Billings,MT,59108.0,,2,360.8,"(451) Fundraising invitations 11/28 Billings event - printing, postage",PM,,,,N,,,
"Knudsen, Austin",11/04/2023 to 12/31/2023,C5,12/30/2023,Burnt Timber Consulting,,,,PO Box 5315,Helena,MT,59604.0,,2,2000.66,November and December Bookkeeping and Compliance / (1) FC stamp reimbursement,PM,,,,N,,,
"Knudsen, Austin",11/04/2023 to 12/31/2023,C5,11/27/2023,The Political Company,,,,PO Box 81274,Billings,MT,59108.0,,2,450.0,(1000) Austin Knudsen for AG Palm Card,PM,,,,,,,
